CommonName,SerialNumber,Genus,VirusName,VirusTaxonomy,Evidence,Kingdom,Phylum,Class,Order,Family,Genus.1,Species,Segments,VirusDescription,NCBI_Accession,HostLatinName,Host,HostClass,Strand,Source,GenomeLocation,Selected_5'UTR,Selected_Seq_Length,293FT_avg,IRESType
AalV-A1,1,Aalivirus,Aalivirus A1,1482734,genbank,Orthornavirae,Pisuviricota,Pisoniviricetes,Picornavirales,Picornaviridae,Aalivirus,Aalivirus A,ssRNA,Duck picornavirus GL/12@ complete genome,KJ000696.1,,Duck,Avian,Positive strand RNA virus,Piconaviridae,5'UTR,TTGAAAGGGGGTGCTCAGGGTAGCTCCCTGAGCTCTTCCCTCCACCCTCTTTCAACGTCTGGCCCACGATACGGGCCACCTTTCAATCTTAACTAACTATCCCTTTAATCTATTTGGATTTTCTGGTTTAGAATAATTTGGAACACATAATTGGATTATCTTTTAGGATTGTGGATAGGATTTGTTCGGGATATCACTCCCTTCCTGTGCTAACACATATTCTAATTCCCTCCTTTGTCTATTATCTCTTGGAGGTGGTGCTGAAATATTGCAAGCCACTTGAGTGTATAGATGAAGTAGGCTCAAGATGAATGTTGTGTTACTCAAGGCAAGTGTAGCTATCACTAAGATATTGGTAACGTGAAACGGATTACCGGTAGTAGCGTGATCTTCCGTCTTAGTGCTCTAGTGACTAGAGGACAACGACATGGCATCACATATCTTAACCCTCCAGTTTTGGCATCCGGGACAGAATGGGCTGGATATCCGCTTTCTTTCTGGGGTATGTGATGGGTGGTATTGGGGTAACCACCTTGACCATGACGCTCGATAAGAGTGACCGCCTGATCATTGAAACCTCTAGTATAAAATTCAGGCTGAAATC,604,0.121704984,IV
AalV-B1,2,Aalivirus,Aalivirus B1,\,genbank,Orthornavirae,Pisuviricota,Pisoniviricetes,Picornavirales,Picornaviridae,Aalivirus,Aalivirus B,ssRNA,MAG: Avihepatovirus sp. isolate MW24 genomic sequence@ sequence,MH453803.1,,Duck,Avian,Positive strand RNA virus,Piconaviridae,5'UTR,TTGGGTTTACGTAAGTATTACCCAACCCTCCTTTCAACGTCTGGCCCACGATACGGGCCACCCTTTCCTATCTCCTCTCTTTCCAAGTAAGATATTTTATTGGTTAACTGACCTCTGTGCGGCACGACAATGATGTGGACAAGTGTTTTACTTAGGTGGTTTAGCCAGCCATTTCCTCGGCAATAGCTTCTAGGAGAGGAGAAATGGTAGGTGCAACCTGGTAATGGTTCTCCTGAAATCGTCCAGTAGGGAGGATCCTCTTCCAGATAATTGTACTGACTAGGTGAAGTAGACTGGACTAGCTGTGAGGTCCGGGGCCAGCATTGCTATACCCCCTCTAATCCGGCGTGGATTTCCGGCCATTGGATAGAGCTTACAGCTAGCAGGGTATTGGGGTAACCCTGTTGATCCAGACTCCTGATAAGGGGAACTGCCTGTTTCACGACCCACCTAGTATAAAATACAGGCTGTATTTATGAA,480,0.027328841,IV
AilV-1/AimV-1,3,Ailurivirus,Ailurivirus A1\Aimelvirus 1,2016447,genbank,Orthornavirae,Pisuviricota,Pisoniviricetes,Picornavirales,Picornaviridae,Ailurivirus,Ailurivirus A,ssRNA,Aimelvirus 1 strain gpai001@ complete genome,MF327529.1,Ailuropoda melanoleuca,Giant panda,Other mammals,Positive strand RNA virus,Piconaviridae,5'UTR,GTAGAAACCCCCTGGCCCCCTCTTCAACGCAGCGGGTGGTCTGCGTAATCTACCACCCAGTCGGGAAGAGACCCCGACTCTAACTTCAAGTCTCAAGCAACCCAACCATCATTGTAACCGGGACTGAACTTCCTTCGGTCTTGGTCGTGGGACTAACAGAGTTTCTGTTTGAGTTTCCGGCCCAGGACTTAAGGTTGGAATGTTCCAAGATAAGTTTAAGTACCTCCTGGATCTGCAACCGCGGGACTAACAGGTGAACCCTGTGAGTTTCCGGCCCAGGATTTAGGATGACATGTTCCAAGTCAGATGCCAACGACTTGGTAAGGACGAATTTGCCCGCACTACGTTACGGTTCCCGCCCGGGACAACTGGTACCCCATTAGGCTACAACATGGCTGAAAAGGGTATTGGGTCCCCCCGGATTGTGTCCGTTCGTAGTGTGTGTAACGTGGTTTACCATCTCCACTAACATTGGACTAAGCATTTCATCTTTCCTCCCCGATTGTGTACTCACTTGGCTAACGCTGGGTGGTCGCGGTTGGGTCCTTGATTTACTTTTTCTCGTCTAAGCATTCCGACTGTCCTCCCCGATTATGTGCTCATTCAGTTAACTGCTGGGTGGTCATGACTAACATCGAGGAACCTTCTGTCCACGCTTACTTTGAGCTCCGGTCGCTTGACGCTTGTAGGGCGATAGGGTTATCTTCCTGACAACATCTTTATTCTACCTCCATAGGCTCTATCTATGGAGACGGAGTGTGGCACCCGTCCCTTCTTTGGGAGCTTCGGTAGTGACGCCCTTTGTCACTCTCGCCAGCCGAGGCATGCCTGGTGCCAGGTAGCAAAGAAAGCATATGTTTAAGGACTTGACTGATTTAGCGCAAGAGTTTGTAGCGATGTCCATAGTGTCTGCGGATTCCCCACACGGCGACGTGTGCCGCGGAGGCCAAAAGCCACGGTGTTCACAGCACCCCTATGGATGCCCACAGACCCCAGTGGGCACTCTTGTTGCCGGACTTTCAGGAAATTAGGCATAGGCTCTTCTCAAACTCCTGGCATTGGACTAGGTAAGAATGCCCCGGAGGTACCCCAGTACTCCTTCGGGAGTCTGGGATCTGACCGGGGGCCCCACAAACATGCTTTACGTGTTTCGTGCGGTCAAAAATTGTCTAACTAGTCCCAACCTTGAACAAGGGATTGTTCTTTCCTTTTTATTACTGAGACTGGCCTATGGTGACAACAGAGATTGACTGTGAATACAGTTATTTTCTGGTGTTCATCATTTGGTTTTTCTCCGTGCTCTTTTACCTTTGTGGTATTTGTTCTTTAGATAGGCAAA,1339,0.124621883,
AilV-2/AimV-2,4,Ailurivirus,Ailurivirus A2\Aimelvirus 2,\,genbank,Orthornavirae,Pisuviricota,Pisoniviricetes,Picornavirales,Picornaviridae,Ailurivirus,Ailurivirus A,ssRNA,Aimelvirus 3 strain gpai003@ complete genome,MF327531.1,Ailuropoda melanoleuca,Giant panda,,Positive strand RNA virus,Piconaviridae,5'UTR,TTATGCTACAGTTCCCGCCCGGGACAACTGACACCCCATTAAGCTACAACATGGCTGAAAAGGGTGTTGGGTCCCCCCGGATTGTGTCTGTTCATAGTGTGTGTAACGTGGTTTACCATCTCCACTAACATTGGACTAAGCATTTCATCTTTCCTCCCCGATTGTGTACTCACTTGGCTAACGCTGGGTGGTCGCGGTTGGGTCCTTGATTTACTTTTTCTCGTCTAAGCATTCCAACTGTCCTCCCCGATTATGTGCTCATTCAGTTAACTGCTGGGTGGTCATGACTAACATCGAGGAATCTTCTGTCTACGCTTACTTTGAGCTCCGGTCGCTTGACGCTTGTAGGGCGATAGGGTTATCTTCCTGACAACATCTTTATTCTACCTCCATAGGCTCTATCTATGGAGACGGAGTGTGGCACCCGTCCCTTCTTTGGGAGCTTCGGTAGTGACGCCCTTTGTCACTCTCGCCAGCCGAGGCATGCCTGGTGCCAGGTAGCAAAGAAAGTATATGCTTAAGGACTTGACTGATTTAGCGCAAGAGTTTGTAGTGATGTCCATAGTGTCTGCGGATCCCCCACACGGCGACGTGTGCCGCGGAGGCCAAAAGCCACGGTGTTCACAGCACCCCTATGGATGCCCACAGACCCCAGTGGGCACTCTTGTTGCCGGACTTTCAGGAAATTAGGTATAGGCTCTTCTCAAACTCCTGGCATTGGACTAGGTAAGAATGCCCCGGAGGTACCCCAGTACTCCTTCGGGAGTCTGGGATCTGACCGGGGGCCCCACAAACATGCTTTACGTGTTTCGTGCGGTCAAAAATTGTCTAACTAGTCCCAACCTTGAACAAGGGATTGTTCTTTCCTTTTATTACTGAGACTGGCCTATGGTGACAACAGAGA,904,0.240206168,
AmV-A1,5,Ampivirus,Ampivirus A1,1661395,genbank,Orthornavirae,Pisuviricota,Pisoniviricetes,Picornavirales,Picornaviridae,Ampivirus,Ampivirus A,ssRNA,Ampivirus A1 strain NEWT/2013/HUN@ complete genome,KP770140.1,Lissotriton vulgaris,Smooth newt,,Positive strand RNA virus,Piconaviridae,5'UTR,TTAAAATGAAAATGTGCGAGCATTTAGCTCGCACTTTTCATTTTAAATATGTCCACAGCCCTCAAGGGACTTAGTCCCTTGTCCGCCTCGGCGACTTAATATTTAACTTGTAGTTACTTATATAAAGCCCGTAATTTATACGATACATACAAAACTCCAGCATCCACTCTGACTGCCATAGTGGAATAAACCAAGACCACTCTCTACATCCGGAGAGTCAAATCCATTGGACGACCATTTGATACTATTCTACAAAATCTATTTTGATCATATTATATTAAGCATTAAGCGTCATTGACTTGGTTGATTAATTAGTTTCACTGATTAATCGAGTCAACAAACAACTTCCTAAATTAATATAATTTTGCTCAAACGAGAATTTCAGAATATTATGCGACCATTTAACTATGTTTACTTAAGCATCATTGACTTTTGAGTCAACAAATACCTTAAGTTTCCGCTCATCTCCTTACCTTCATACGCAGGCCCATAAGCCTATATTATTTACCTCTATTTATAATTTTAATCATTAATCTGCACAATTCCACCGTTTAGACATTATTAGGGTTTATAACAACACTAATAATTATTGTATGAAAACCAGTAGTTCCAGCGCGTCGTGGCCTATTGACCCCCATACAAAGTTCATAAGAATAGTTTTGCTGTTTTCAGTCATTCATTCTTTCCCTTAAAAGGTTTGGTCACCTATAAGTCCAGCTCATTACATCGAGTATGGCAAGTCTGCCCAACATTTGTTATATCTGACTCTGGTGATAATAAATGTGGCGGGATAAAGTTACAAGTCTAGTTATATAGACAGCTTTAGCTCAAAACCCCAATTTCCCCCCTTGTGTATTATTATTGTATTATTAATTGTAATTATGTATTTAATGTAAATTGTACTTTTATCTATCCAACTTCTTATTTCAATTTTCTATCAAGACTTTTTTCTTGTCGAAACTCAATATCT,970,0.1462285,
AAV-1,6,Anativirus,Avian anativirus 1,2870363,genbank,Orthornavirae,Pisuviricota,Pisoniviricetes,Picornavirales,Picornaviridae,Anativirus,Anativirus A,ssRNA,Anativirus A1 isolate TW90A@ complete genome,AY563023.1,,Avian,Avian,Positive strand RNA virus,Piconaviridae,5'UTR,CCCCCCCCCATACCTTTTCCCCCTCTTTAACGGCAATGGTTAATGGACTAAGGATAAAGGATTATGGACTTATATGATGTGCCCGACATGGAATTCGGGAAATCTGGATCTAAGGGTTACCTCAAAGGTAGTGAAATTCCCTCGCAGGGGTATAGTAGCTAGCTTTGTGCCTTAGTGAAGGGACCGTGTGTTCTAGACATGGTAGTTGTGTAGGTACAAGAGGACTTCATTTGAATATCCTCGATCCCGGACCTAAATTACCTTGTGGATTTCCGGAGGAATTTAGGAAACCACCTCCTTCGGGAGGCTAGTAGGAGCTTACATGACTCTCGGATTGGGAAGTCCGAGCTGGACCATGACTGGGTGATAGCCTGCCGGCTGGCGCAGTTCACATGGTATAGTCAGTTGAAAATAAATAGAAAATC,425,0.063861775,IV
AnV-B1/QPV-1,7,Anativirus,Anativirus B1/ Quail picornavirus 1,2870379,genbank,Orthornavirae,Pisuviricota,Pisoniviricetes,Picornavirales,Picornaviridae,Anativirus,Anativirus B,ssRNA,Quail picornavirus QPV1/HUN/2010@ complete genome,JN674502.1,Coturnix coturnix,Common quail,,Positive strand RNA virus,Piconaviridae,5'UTR,TTTGCATCAGTTCGCCCCTCCCCTCACCATACCTTTTTCCCCTCTTTAGGACTGATACTTGGTTATGATGAGCAGAGGATTTCGCAAGTTATGCTTCTTGATAAAAAGTAATTCACGAATCATGGGATTATAGCCTGGAAGTGAACACTCATGTGGCAAGTGGGTTAGTAGCTCTCCATGTTCCCATGTGCAGTGGACTGACAACAGTGAGTTCGGGGTTGTGTAGTAAAGGGAAAGTATTACTTACCCGCACCTGCTATACGTGGTGTACGTAGGATACGAGTTAGTAGTGCTTAGCAACTTTAAACTGGTGCTGAAATATTGCAAGGTCACTGAAGTTGTGAACGCGAACGCTCCGCCACTGCCATGTATAGCGTGCAATGCATAAATGGTGCACTACATGATACGAGGGAATGGGAAACCCTCCATGGCCGAATGCAGGGTGACAGCCTGCCGGCGGATGCCTGTTGTTAGTATAATCCGTTGTTTGCCAC,494,0.028598718,IV
s,,,,,,,,,,,,,,,,,,,,,,,,,
,,,ff,,,,,,,,,,,,,,,,,,,,,,
